{"accuracy": [0.609815776348114, 0.8642862439155579, 0.9171491861343384, 0.9431681036949158, 0.9560708403587341, 0.9669393301010132, 0.9714773297309875, 0.9769400358200073, 0.9789458513259888, 0.9832136034965515, 0.9848211407661438, 0.9851625561714172], "loss": [1.3227559328079224, 0.42429858446121216, 0.254488468170166, 0.17468670010566711, 0.13043096661567688, 0.098729208111763, 0.08643504232168198, 0.06900899857282639, 0.06525734066963196, 0.05204233527183533, 0.047859951853752136, 0.04642928019165993], "val_accuracy": [0.8604598045349121, 0.9179945588111877, 0.930855929851532, 0.9405303597450256, 0.9425221681594849, 0.9563510417938232, 0.9558388590812683, 0.9573753476142883, 0.9663669466972351, 0.9689278602600098, 0.9680742025375366, 0.9717732667922974], "val_loss": [0.44484955072402954, 0.2581195533275604, 0.20941932499408722, 0.18107309937477112, 0.19176548719406128, 0.14154760539531708, 0.13891471922397614, 0.14905287325382233, 0.11026047170162201, 0.11266368627548218, 0.11929887533187866, 0.09631466865539551]}